Piece;NombreTotal;NombreAchete;Acheteurs;Position;SVGType;image
Support pour Smartphone;1;0;;haut;support-smartphone;https://cdn.helloasso.com/img/photos/items/shops/718d2czbz5l._ac_ul375_sr375%20375_-e0f77c36224a49348d7bf0eee5c76403.jpg;
Twingo;100;0;;haut;;https://cdn.helloasso.com/img/photos/items/shops/twingo-8f910bd913b042c187afae1031e11ab2.png
Étais de séparation d'habitacle;1;0;;haut;etais;https://cdn.helloasso.com/img/photos/items/shops/croppedimage-b2f71f6c50714c4583b970a787aa5649.png;
Filet de séparation d'habitacle;1;0;;haut;filet;c:\Users\Stiff\AppData\Local\Temp\croppedimage-d1005661aaaf4525aa8f64ea9ca04297.png;
Auto-radio dernier cri;1;1;Quentin & Manon;haut;autoradio;https://cdn.helloasso.com/img/photos/items/shops/croppedimage-b7feaaa016694973af4ba3de33633389.png;
Enjoliveurs de kéké;4;0;;gauche;enjoliveur;https://cdn.helloasso.com/img/photos/items/shops/51j4gvmiz3l._ac_sx679_-c27758fafc944eb2924f97b09b375438.jpg;
Protection amortisseurs avant;2;0;;gauche;protection-avant;https://cdn.helloasso.com/img/photos/items/shops/croppedimage-9a863ab487c140f7b2a7012d6ba8fcc7.png;
Protection amortisseurs arrière;2;0;;gauche;protection-arriere;https://cdn.helloasso.com/img/photos/items/shops/thumb-51f256a90d414ac492ab400abb7d9eb0.jpg;
Ressorts avant;2;0;;gauche;ressort-avant;https://cdn.helloasso.com/img/photos/items/shops/thumb-22782497e70c41e081c1976597e6daef.jpg;
Ressort arrière;2;0;;gauche;ressort-arriere;https://cdn.helloasso.com/img/photos/items/shops/croppedimage-5cb669c451fa42238c0d60496679bed3.png;
Pneus;6;2;Quentin, Manon;gauche;pneu;https://cdn.helloasso.com/img/photos/items/shops/pneus-a0e820ca92754b518f5d2d46181f38cc.png;
Jante tôle 14 pouces;6;0;;gauche;jante;https://cdn.helloasso.com/img/photos/items/shops/croppedimage-52f3e4db70134250bc8440b657425525.png;
Amortisseurs arrière;2;0;;gauche;amortisseur-arriere;https://cdn.helloasso.com/img/photos/items/shops/amort-ar-a078f7544c7e4c339c1a59ac67f74bea.png;
Amortisseurs avant;2;0;;gauche;amortisseur-avant;https://cdn.helloasso.com/img/photos/items/shops/croppedimage-de77af01d29840958df0fc75e23520b2.png;
Film Covering Jaune;5;0;;droite;;https://cdn.helloasso.com/img/photos/items/shops/capture%20d%20ecran%202025-10-02%20170820-2db680b0cd574c4ba7fb55d410dbf4bd.png;
Film Covering Blanc;3;0;;droite;;https://cdn.helloasso.com/img/photos/items/shops/capture%20d%20ecran%202025-10-02%20172103-d46606490741486b9269579cd6a08833.png;
Liquide lave-glace;3;0;;droite;lave-glace;https://cdn.helloasso.com/img/photos/items/shops/liquide-lave-glace-toutes-saisons-5c-5l--2655099-72840e32980d43ec8fe39c45ce00c687.jpg;
Liquide de refroidissement;2;0;;droite;refroidissement;https://cdn.helloasso.com/img/photos/items/shops/thumb-efab09ac5de4402da5ee9e6b55c148de.jpg;
Cric de surélévation véhicule;1;0;;droite;cric;https://cdn.helloasso.com/img/photos/items/shops/croppedimage-ca8844b7c6b54c24b24fe314c71e4a30.png;
Compresseur;1;0;;droite;compresseur;https://cdn.helloasso.com/img/photos/items/shops/croppedimage-a56d53663abf46cb93c9f5829c48262e.png;
Pack sécurité;1;0;;droite;pack-secu;https://cdn.helloasso.com/img/photos/items/shops/achat-kit-securite-voiture-auto-obligatoire-gilet-triangle-pas-cher-8585-5e938c66c32b45cf91115778acd206b9.jpg;
Combinaison de Pilote;2;0;;droite;combinaison;https://cdn.helloasso.com/img/photos/items/shops/combinaison-fia-sparco-sprint-e49f5f39a0714e5d8fdda5e832505cf3.jpg;
Filtre à air;1;0;;bas;filtre-air;https://cdn.helloasso.com/img/photos/items/shops/thumb-c9d23eaf85574de1bab72523792525be.jpg;
Filtre à huile;1;0;;bas;filtre-huile;https://cdn.helloasso.com/img/photos/items/shops/h-preview-70771c72c30a44228fe61fa54a8675a3.jpg;
Courroie de distribution;1;0;;bas;courroie;https://cdn.helloasso.com/img/photos/items/shops/croppedimage-b9b0dbfafde64e399e19580cce769b05.png;
Essuie glace arrière;1;0;;bas;essuie-glace-arriere;https://cdn.helloasso.com/img/photos/items/shops/croppedimage-57da11c1b1384574a658f59d86a1c6e8.png;
Essuie-glace avant;1;0;;bas;essuie-glace-avant;https://cdn.helloasso.com/img/photos/items/shops/1-balai-d-essuie-glace-norauto-performance-29-650mm--2612039-399b56925e7a4b4597653151cc5154d6.jpg;
Plaque immatriculation nouvelle génération;2;0;;droite;plaque-immat;https://cdn.helloasso.com/img/photos/items/shops/croppedimage-a17c26471f2642cea7d282ddc1bf57e3.png;
Plaque protection reservoir;2;0;;bas;plaque-protection-reservoir;https://cdn.helloasso.com/img/photos/items/shops/tole-galva-ed7bfcfbdef045fc8d68b752443e5012.png;
Plaque protection moteur;1;0;;bas;plaque-protection-moteur;https://cdn.helloasso.com/img/photos/items/shops/plaque-moteur-twing-raid-1-768x768-5a74335d391445fcb68280931ba92ade.jpg;
Kit stickers Rallye Français Pilote / Copilote;1;0;;haut;sticker-rallye;https://cdn.helloasso.com/img/photos/items/shops/croppedimage-0afa322683fe406ea4c2cd792d18ef9d.png;
